ZIP Code,	Latitude,	Longitude,

20001,	38.912068,	-77.0190228
20002,	38.9052763,	-76.98158769999999
20003,	38.8831372,	-76.9902276
20005,	38.908229,	-77.03053899999999
20006,	38.897244,	-77.0413344
20007,	38.9156487,	-77.0737149
20009,	38.9191485,	-77.0362967
20010,	38.9339046,	-77.03053899999999
20011,	38.9502497,	-77.01614359999999
20012,	38.9836326,	-77.03917539999999
20013,	38.9,	-77.03999999999999
20014,	45.5550705,	8.9858152
20015,	38.9656971,	-77.0622028
20016,	38.9374808,	-77.0852258
20017,	38.9396261,	-76.9902276
20018,	38.9274061,	-76.9729472
20019,	38.8910932,	-76.94702199999999
20020,	38.8628755,	-76.97006689999999
20021,	45.5451273,	9.1107151
20022,	38.91870370000001,	-76.9611991
20023,	38.9,	-77.00999999999999
20024,	38.8761083,	-77.0190228
20025,	45.590063,	8.9038253
20026,	38.88545999999999,	-77.02611999999999
20027,	38.9,	-76.97999999999999
20028,	45.5848473,	8.9399708
20029,	38.89,	-76.95
20030,	38.86,	-76.97
20031,	48.7687286,	29.9169173
20032,	38.8372336,	-77.01614359999999
20033,	38.9,	-77.03999999999999
20034,	48.7717936,	29.9881849
20035,	38.9,	-77.03999999999999
20036,	38.9080786,	-77.04061469999999
20037,	38.9042365,	-77.0521289
20038,	38.9,	-77.03
20039,	38.95,	-77.02
20040,	38.97,	-77.03
20041,	38.94,	-77.4599999
20042,	38.92,	-76.99
20043,	38.9,	-77.03
20044,	38.89,	-77.03
20045,	38.8969522,	-77.0301791
20046,	38.9586812,	-77.0883456
20047,	38.9586812,	-77.0883456
20049,	38.8961876,	-77.0199633
20050,	38.9,	-77.03999999999999
20051,	38.8974019,	-77.02625309999999
20052,	38.8993373,	-77.0485308
20053,	38.8831418,	-77.0114097
20055,	38.9017633,	-77.02059129999999
20056,	38.92,	-77.03
20057,	38.9079086,	-77.0716829
20058,	38.92,	-76.99
20059,	38.9217778,	-77.0197426
20060,	38.9178427,	-77.02182549999999
20061,	38.8993742,	-77.03370869999999
20062,	38.9002588,	-77.03790980000001
20063,	38.9055673,	-77.0466453
20064,	38.9369141,	-77.0003067
20065,	38.9009068,	-77.0065169
20066,	38.9167837,	-76.9946497
20067,	38.92,	-76.99
20068,	38.9,	-77.03999999999999
20069,	38.92,	-76.99
20070,	38.92,	-76.99
20071,	38.9047134,	-77.0346407
20073,	38.8988288,	-77.0338265
20074,	38.92,	-76.99
20075,	38.92,	-76.99
20076,	38.9586812,	-77.0883456
20077,	38.92,	-76.99
20078,	38.92,	-76.99
20080,	38.92,	-76.99
20081,	38.8997631,	-77.0270623
20082,	38.92,	-76.99
20083,	45.3996871,	9.0294102
20084,	45.3191176,	9.1484668
20085,	45.355619,	9.2240858
20086,	45.2796268,	8.9913317
20087,	45.4180799,	8.855870999999999
20088,	38.94,	-77.08
20089,	45.3795825,	9.1621583
20090,	38.92,	-76.99
20091,	38.9,	-77.03999999999999
20092,	45.5554145,	9.219063799999999
20093,	45.5313183,	9.2813386
20094,	45.4342568,	9.1013483
20095,	53.5507515,	10.0017259
20096,	45.489622,	9.3261186
20097,	38.89,	-77.00999999999999
20098,	38.9,	-77.03999999999999
20099,	45.5341032,	9.2471858
20100,	60.4317717,	22.1739878
20101,	38.98999999999999,	-77.45
20102,	38.98999999999999,	-77.45
20103,	39.0011526,	-77.4518276
20104,	38.9979313,	-77.4522362
20105,	38.9370838,	-77.5963271
20106,	38.68044709999999,	-77.99670429999999
20107,	55.2541583,	24.7726173
20108,	38.75,	-77.47
20110,	38.76571819999999,	-77.4811474
20111,	38.7550023,	-77.4357739
20112,	38.6518497,	-77.4357739
20113,	38.78,	-77.52
20115,	38.8360389,	-77.9053182
20116,	38.83000000000001,	-77.89
20117,	38.9814018,	-77.7223162
20118,	39,	-77.72
20119,	38.64189,	-77.6307018
20120,	38.8629803,	-77.4816693
20121,	38.8193117,	-77.4587239
20122,	38.84,	-77.47
20123,	45.4616266,	9.1741111
20125,	45.4972764,	9.203123
20126,	45.5174236,	9.2184075
20128,	38.75,	-77.9599999
20129,	39.1686396,	-77.60205690000001
20133,	45.47137,	9.2296929
20140,	38.9217311,	-77.8625146
20141,	39.1414768,	-77.77953699999999
20142,	39.1,	-77.78999999999999
20149,	39.03,	-77.5
20150,	12.9173831,	101.0033112
20153,	38.8899559,	-77.4399669
20158,	39.1292809,	-77.665066
20161,	45.5211038,	9.1729334
20165,	39.0527088,	-77.3841197
20167,	39.01,	-77.42999999999999
20168,	38.81,	-77.64
20172,	38.9679899,	-77.3806384
20175,	39.0488574,	-77.58486649999999
20181,	38.6733492,	-77.53901270000001
20183,	55.26085519999999,	24.7893514
20184,	39.0007289,	-77.9053182
20185,	38.98999999999999,	-77.88000000000001
20186,	38.7074563,	-77.85959629999999
20187,	38.7251427,	-77.7337628
20188,	38.71,	-77.78999999999999
20189,	38.9,	-77.03999999999999
20190,	38.9552797,	-77.3381855
20191,	38.9302229,	-77.3439283
20192,	38.9501674,	-77.3672157
20194,	38.9770833,	-77.3496708
20195,	38.9475624,	-77.3295728
20196,	38.93,	-77.39999999999999
20197,	39.1883159,	-77.6421577
20198,	38.8621634,	-77.7744754
20199,	21.8914196,	-102.2583684
20200,	42.7380984,	9.422826299999999
20201,	38.8875091,	-77.0140967
20202,	38.8835686,	-77.0280293
20203,	38.9055673,	-77.0466453
20204,	38.8868207,	-77.014344
20206,	38.92,	-76.99
20207,	38.92,	-76.99
20208,	38.8968052,	-77.0116017
20210,	38.8920292,	-77.0136483
20211,	38.9002425,	-77.0091326
20212,	38.8975099,	-77.0090063
20213,	38.8920292,	-77.0136483
20214,	38.92,	-76.99
20215,	38.8920292,	-77.0136483
20216,	38.8905335,	-77.014524
20217,	38.8955194,	-77.0138942
20218,	38.9024742,	-77.0449482
20219,	38.8830265,	-77.0134443
20220,	38.8987281,	-77.0336768
20221,	38.8961876,	-77.0281237
20222,	38.8973781,	-77.0337131
20223,	38.9036862,	-77.02969499999999
20224,	38.8921388,	-77.02638379999999
20225,	42.5637787,	8.935573699999999
20226,	38.8974442,	-77.0296868
20227,	38.8904699,	-77.0318901
20228,	38.8866773,	-77.0301791
20229,	38.8946642,	-77.02981919999999
20230,	38.8914591,	-77.035577
20231,	42.8654823,	17.7873095
20232,	38.92,	-76.99
20233,	38.92,	-76.99
20234,	42.7441159,	18.0124469
20235,	38.9145001,	-77.046121
20236,	3.6129259,	98.68481469999999
20237,	38.8875136,	-77.0152189
20238,	38.9,	-77.03999999999999
20239,	38.8997892,	-77.0238911
20240,	38.8944757,	-77.0424139
20241,	38.8961326,	-77.0514762
20242,	38.8619872,	-77.03053899999999
20243,	41.9968819,	9.3007367
20244,	38.92,	-76.99
20245,	38.8904228,	-77.0434934
20246,	42.6292502,	9.2120593
20247,	21.8750649,	-102.2882371
20248,	42.9436379,	9.4505993
20249,	53.5900195,	9.9897946
20250,	38.8859974,	-77.03269809999999
20251,	38.88524659999999,	-77.0246011
20252,	55.1340539,	24.7391122
20253,	53.5783009,	9.9666072
20254,	38.88318659999999,	-77.01995869999999
20255,	53.5795289,	9.9519685
20256,	42.6194115,	8.907978199999999
20258,	55.12208279999999,	24.6719216
20259,	53.5709612,	9.956364700000002
20260,	38.8841535,	-77.0259568
20261,	38.92,	-76.99
20263,	42.9222739,	17.1543601
20266,	38.92,	-76.99
20267,	42.9995343,	17.113007
20269,	43.0437976,	-2.1106617
20272,	42.27654,	9.3562094
20273,	42.9358607,	16.9417632
20275,	42.9930032,	9.378409000000001
20279,	55.1619523,	24.5547809
20280,	43.3632622,	-1.8220818
20281,	55.1594237,	24.6076988
20283,	55.1467484,	24.5777055
20284,	21.8417516,	-102.304874
20285,	55.1340656,	24.5477392
20286,	55.15043989999999,	24.5536281
20288,	55.2105843,	24.6981486
20289,	38.8841535,	-77.02595
20290,	42.5685573,	9.478381599999999
20297,	21.9397765,	-102.2877004
20298,	21.8517367,	-102.2597991
20301,	38.8886985,	-77.01329799999999
20303,	38.8748475,	-77.004986
20307,	38.976085,	-77.0290995
20308,	59.3724479,	28.2017115
20310,	38.9273849,	-77.01254449999999
20311,	55.3334215,	24.4544901
20312,	55.3174572,	24.4187998
20313,	55.3631673,	24.4531029
20314,	38.92,	-76.99
20315,	55.296208,	24.5116807
20316,	55.2914519,	24.4994772
20317,	38.92,	-76.99
20319,	38.8669531,	-77.01758319999999
20320,	60.4807211,	22.2262481
20321,	48.8591057,	30.1839832
20322,	48.860909,	30.24959329999999
20323,	55.3410017,	24.5983909
20324,	48.7925666,	30.2326594
20325,	37.8893615,	28.9470422
20326,	21.8784814,	-102.3327866
20327,	55.2963803,	24.6964114
20328,	55.28330030000001,	24.712675
20329,	55.3180784,	24.7735328
20330,	38.86,	-77.05
20331,	55.2745876,	24.7155021
20332,	48.7938115,	30.2952149
20333,	48.839026,	30.3108929
20334,	55.4187282,	24.5934033
20335,	55.387421,	24.5881037
20336,	55.395076,	24.5246589
20337,	55.3766513,	24.6383874
20340,	38.92,	-76.99
20343,	43.04262740000001,	17.4736016
20344,	43.0521719,	17.532764
20345,	55.42068070000001,	24.762988
20346,	55.3966094,	24.7239968
20347,	55.3892465,	24.7650212
20348,	55.38862030000001,	24.754237
20349,	55.40508819999999,	24.7120216
20350,	38.92,	-76.99
20351,	48.7142025,	30.4551244
20352,	55.37784389999999,	24.7563132
20353,	42.978729,	17.6096947
20354,	53.5596267,	9.9936835
20355,	38.9,	-77.03999999999999
20356,	42.9673396,	17.5623501
20357,	53.564431,	9.9690496
20358,	55.3040751,	24.8586922
20359,	53.5511779,	9.964175899999999
20360,	60.49825999999999,	22.2657989
20361,	55.318426,	24.8843421
20362,	3.5093905,	98.78116449999999
20363,	55.3136592,	24.9164773
20364,	55.3415749,	24.9238471
20365,	55.3312576,	24.9441369
20366,	55.3365626,	24.9672362
20367,	21.894764,	-102.2479968
20368,	55.3175999,	24.9661871
20370,	38.92,	-76.99
20371,	3.6498025,	98.7591311
20372,	38.8959036,	-77.0505317
20374,	38.8750283,	-76.9966445
20376,	38.8764191,	-76.9937358
20377,	55.280168,	25.0969239
20380,	38.92,	-76.99
20381,	55.2432978,	24.8873425
20382,	48.5397574,	30.23984
20384,	21.8599603,	-102.2429901
20386,	55.25573869999999,	24.9250541
20387,	55.25846689999999,	24.9531604
20388,	38.87,	-77
20389,	38.92,	-76.99
20390,	38.880052,	-76.9941873
20392,	38.9212612,	-77.06652
20393,	38.92,	-76.99
20394,	38.92,	-76.99
20395,	38.86,	-76.97
20397,	-22.9369679,	-43.4114825
20398,	38.92,	-76.99
20401,	38.899339,	-77.01146469999999
20404,	38.8993417,	-77.0091334
20406,	38.9141469,	-77.04344859999999
20413,	38.884025,	-77.0219753
20420,	38.9003669,	-77.03511370000001
20421,	38.9012806,	-77.0399886
20422,	38.9246554,	-77.0111048
20424,	38.9024697,	-77.03200079999999
20425,	38.8975934,	-77.0240331
20426,	38.9015382,	-77.0061587
20433,	38.8989707,	-77.0424139
20434,	38.9002425,	-77.0393761
20437,	38.9025311,	-77.0487527
20441,	38.9232985,	-77.036559
20453,	38.92,	-76.99
20456,	38.92,	-76.99
20457,	53.53164839999999,	9.9852574
20459,	53.54729870000001,	9.9778279
20460,	38.8921433,	-77.02825
20463,	38.8961921,	-77.02592
20468,	38.9,	-77.03999999999999
20469,	38.92,	-76.99
20470,	38.9,	-77.03999999999999
20472,	38.8837532,	-77.0170433
20492,	43.128938,	-1.9588007
20493,	43.1624286,	-1.9832594
20500,	38.89728179999999,	-77.03881559999999
20501,	38.9,	-77.03999999999999
20502,	38.8967584,	-77.03701629999999
20508,	38.8973837,	-77.03954159999999
20511,	38.9799999,	-77.05
20513,	3.5575419,	98.845924
20515,	38.8870943,	-77.0082254
20516,	3.5548805,	98.8624669
20520,	38.8943618,	-77.04997
20522,	38.8935572,	-77.0488931
20523,	38.8944641,	-77.04834819999999
20524,	38.9025769,	-77.0334585
20528,	38.8968017,	-77.0269605
20532,	38.9040211,	-77.0174033
20533,	38.901771,	-77.033058
20539,	38.92,	-76.99
20544,	38.895398,	-77.004986
20548,	38.8993459,	-77.0172233
20549,	38.8957365,	-77.0193827
20554,	38.903228,	-77.0460121
20557,	38.8875607,	-77.00581989999999
20565,	38.8896766,	-77.0197426
20570,	38.92,	-76.99
20573,	38.9002425,	-77.0091326
20582,	3.2012221,	98.68206359999999
20600,	42.6605477,	9.422826299999999
20601,	38.5915927,	-76.8028933
20606,	38.2452988,	-76.736538
20607,	38.6705753,	-77.04493269999999
20610,	38.5301986,	-76.6132566
20611,	38.4621051,	-76.98158769999999
20613,	38.6740691,	-76.8028933
20614,	49.0954162,	31.3956418
20615,	38.4132166,	-76.55460310000001
20616,	38.6551092,	-77.09098089999999
20617,	38.5407499,	-76.854799
20618,	38.2904375,	-76.79135579999999
20619,	38.2818635,	-76.5372625
20620,	38.2228586,	-76.5199195
20621,	38.3345065,	-76.8144298
20622,	38.480676,	-76.7777687
20623,	38.7443023,	-76.8317325
20624,	38.34730150000001,	-76.745195
20625,	38.2244271,	-76.8490328
20626,	38.2048528,	-76.76827750000001
20627,	38.2751684,	-76.6932058
20628,	38.1506658,	-76.34636239999999
20629,	38.3367637,	-76.4534165
20630,	38.14937889999999,	-76.4678766
20631,	3.3038732,	99.1594532
20632,	38.4284785,	-76.958545
20634,	38.22016139999999,	-76.49679189999999
20635,	38.3843757,	-76.72149089999999
20636,	38.3583554,	-76.5719414
20637,	38.5360314,	-76.76827750000001
20639,	38.6115662,	-76.6181655
20640,	38.5440178,	-77.2060241
20641,	48.8969157,	31.4283306
20642,	48.8443349,	31.394792
20643,	38.4915634,	-77.1595808
20644,	48.8775991,	31.2891696
20645,	38.2620765,	-76.90668289999999
20646,	38.5299364,	-76.9873477
20650,	38.23944609999999,	-76.6181655
20652,	48.8039187,	31.4362894
20653,	38.2034582,	-76.39845369999999
20654,	48.78513479999999,	31.3603489
20655,	48.7514564,	31.34292129999999
20656,	38.3429259,	-76.68458319999999
20657,	38.3835122,	-76.4331698
20658,	38.5653854,	-77.1657716
20660,	38.3754379,	-76.6955217
20673,	22.1523718,	-102.2769683
20685,	38.4446675,	-76.514138
20690,	38.165574,	-76.5342586
20693,	38.4575702,	-77.0794705
20703,	38.97,	-76.85
20709,	39.062982,	-76.8391683
20715,	38.9860548,	-76.745195
20726,	39.0931713,	-76.8584028
20733,	38.802157,	-76.5314817
20736,	38.6850218,	-76.6297189
20738,	38.96,	-76.92999999999999
20739,	43.1243027,	-2.2138289
20747,	38.853725,	-76.88939069999999
20753,	38.86,	-76.89
20757,	38.81,	-76.95
20763,	39.13450050000001,	-76.81154579999999
20764,	38.8302686,	-76.5083562
20766,	-22.861871,	-43.2884071
20768,	39,	-76.88
20769,	38.9779667,	-76.8086617
20770,	39.0019157,	-76.8836261
20771,	38.9916589,	-76.8632581
20772,	38.7922949,	-76.7567368
20773,	38.82,	-76.75
20774,	38.8682133,	-76.79135579999999
20775,	38.78,	-76.77
20776,	38.8700995,	-76.6297189
20777,	39.1762439,	-76.9758274
20778,	38.8267563,	-76.5661622
20779,	38.7548084,	-76.5661622
20781,	38.9498082,	-76.944141
20782,	38.9732233,	-76.94702199999999
20783,	38.9963501,	-76.97006689999999
20784,	38.94773410000001,	-76.8807437
20785,	38.9140455,	-76.8778612
20787,	38.98999999999999,	-76.97999999999999
20788,	38.96,	-76.9599999
20790,	38.8813417,	-76.85037539999999
20791,	38.82,	-76.94
20792,	38.82,	-76.75
20794,	39.1551963,	-76.79135579999999
20797,	39.09,	-76.84
20799,	38.8813417,	-76.85037539999999
20802,	21.8506657,	-102.7235671
20803,	21.8515638,	-102.716744
20804,	21.8742938,	-102.6833524
20805,	21.8452621,	-102.7271583
20808,	43.2935308,	-2.2187476
20809,	43.24159410000001,	-2.1548473
20810,	38.9799999,	-77.1
20811,	38.9799999,	-77.1
20812,	38.96589549999999,	-77.1442022
20813,	38.96,	-77.09
20814,	39.0038878,	-77.1053673
20815,	38.9875145,	-77.0737149
20816,	38.9516143,	-77.1197521
20817,	38.9894702,	-77.1370115
20818,	38.973755,	-77.1571443
20820,	43.2834847,	-2.3591531
20821,	45.664896,	9.1609267
20824,	38.9799999,	-77.09
20829,	43.2578646,	-2.3123031
20830,	39.15,	-77.0699999
20831,	45.6519151,	9.2035731
20834,	45.5860048,	9.1939221
20842,	39.2248938,	-77.4128193
20847,	39.08,	-77.14999999999999
20852,	39.0542102,	-77.1197521
20858,	4.2109781,	98.1557066
20871,	39.2506425,	-77.27499639999999
20873,	45.5842426,	9.4188575
20889,	39.0083306,	-77.09637599999999
20905,	39.11168199999999,	-76.99310740000001
20911,	38.98999999999999,	-77.03
20912,	38.9797389,	-77.004626
20913,	38.9799999,	-77.00999999999999
20930,	49.17113029999999,	32.3777508
20931,	49.2022858,	32.2917764
20940,	38.2735371,	29.3366501
20941,	49.0648273,	32.4288578
20960,	60.3588201,	22.2240066
20980,	37.0127195,	29.2785638
20986,	3.5173838,	98.99079379999999
21024,	45.814342,	8.7173149
21036,	39.2357331,	-77.004626
21041,	39.27,	-76.8
21062,	39.1599999,	-76.63
21065,	39.4938976,	-76.6589985
21070,	-22.8412578,	-43.2823662
21071,	39.4733637,	-76.8137088
21072,	-22.8475666,	-43.2884071
21073,	53.4592228,	9.9699029
21074,	39.6203553,	-76.8490328
21075,	39.2112091,	-76.745195
21076,	39.1676655,	-76.7221082
21077,	39.1518814,	-76.6961305
21078,	39.5675952,	-76.1435915
21079,	53.4643986,	10.0056525
21082,	39.4801461,	-76.4736602
21084,	39.6179117,	-76.4794435
21085,	39.4504865,	-76.3521514
21087,	39.4587385,	-76.4215988
21088,	39.7187139,	-76.8438695
21090,	39.20319480000001,	-76.675922
21092,	39.47,	-76.52
21093,	39.4452108,	-76.6528225
21094,	39.44,	-76.64
21101,	15.5267252,	-88.0020589
21102,	39.6900582,	-76.83749949999999
21104,	39.3318194,	-76.90668289999999
21105,	39.7167343,	-76.6554395
21106,	38.8959538,	-76.51193769999999
21107,	53.4998604,	9.9735576
21108,	39.0751243,	-76.6297189
21109,	53.4949324,	10.0319897
21111,	39.5794131,	-76.583499
21184,	3.1757267,	99.32292129999999
21188,	32.621276,	-115.5162942
21190,	46.97948030000001,	4.7493922
21200,	47.0125828,	4.8888061
21201,	39.2963369,	-76.62105389999999
21202,	39.2994145,	-76.60372219999999
21203,	39.29,	-76.61
21204,	39.407567,	-76.6354952
21205,	39.30420549999999,	-76.557493
21206,	39.3342834,	-76.5314817
21207,	39.3252511,	-76.71633589999999
21208,	39.3744588,	-76.745195
21209,	39.370859,	-76.6701475
21210,	39.3566383,	-76.6354952
21211,	39.3289463,	-76.63838319999999
21212,	39.364133,	-76.6123884
21213,	39.3179648,	-76.5661622
21214,	39.3485401,	-76.5661622
21215,	39.3416271,	-76.68169619999999
21216,	39.30969839999999,	-76.6701475
21217,	39.3056685,	-76.6354952
21218,	39.3322127,	-76.6008334
21219,	39.2227668,	-76.4505243
21220,	39.3514892,	-76.37530459999999
21221,	39.295848,	-76.4215988
21222,	39.2632524,	-76.4910093
21223,	39.28661350000001,	-76.647047
21224,	39.2713976,	-76.5603828
21225,	39.2213396,	-76.6123884
21226,	39.2101586,	-76.5603828
21227,	39.2396095,	-76.68169619999999
21228,	39.2724771,	-76.745195
21229,	39.2817753,	-76.69324379999999
21230,	39.2635174,	-76.6239423
21231,	39.287866,	-76.59216649999999
21331,	-22.8739062,	-43.36566639999999
21335,	53.2130077,	10.3924227
21339,	53.2536096,	10.3885867
21340,	46.9831078,	4.6610349
21341,	-22.8804346,	-43.3463628
21350,	47.3973152,	4.5717093
21353,	32.6012097,	-115.4748362
21354,	53.324568,	10.6695675
21357,	53.31763790000001,	10.3797537
21360,	47.13810900000001,	4.6864443
21365,	53.285794,	10.4483176
21368,	53.1878707,	10.739827
21376,	53.208713,	10.1284242
21378,	32.6232133,	-115.3881997
21379,	53.293462,	10.5080729
21380,	47.4380395,	5.0077517
21381,	-22.8759577,	-43.313771
21382,	53.3335989,	10.4462192
21501,	39.6499646,	-78.7600717
21502,	39.6570823,	-78.72494689999999
21503,	39.6375498,	-78.7626305
21504,	39.6613878,	-78.8046578
21505,	39.5963183,	-78.824659
21509,	53.5447292,	10.2167335
21510,	-22.8327841,	-43.3463628
21511,	-22.8454173,	-43.354809
21514,	53.4793173,	10.6159637
21516,	53.4931709,	10.5649702
21520,	39.6315062,	-79.3127543
21521,	39.5560834,	-79.0532061
21522,	39.6093727,	-79.23947609999999
21523,	39.4792625,	-79.0786281
21524,	39.6931161,	-78.79188789999999
21528,	39.6516956,	-78.9008769
21529,	39.7146996,	-78.7802054
21530,	39.6889551,	-78.5320107
21531,	39.63982439999999,	-79.4028639
21532,	39.6581548,	-78.9283598
21536,	39.65970280000001,	-79.17742679999999
21538,	39.40728379999999,	-79.2112769
21539,	39.5700514,	-78.9853813
21624,	38.8410516,	-76.2739795
21648,	38.4944547,	-76.23632479999999
21649,	39.13550559999999,	-75.77203279999999
21650,	39.3202654,	-75.8243427
21651,	39.2635694,	-75.8185314
21652,	38.71188009999999,	-76.2783235
21653,	38.7522854,	-76.177106
21654,	38.68347929999999,	-76.1377935
21655,	38.7344865,	-75.92309759999999
21656,	39.1,	-75.9599999
21657,	38.9568813,	-75.9811564
21658,	38.93563049999999,	-76.1435915
21659,	38.5851546,	-75.795284
21660,	38.9659677,	-75.8882508
21661,	39.1076956,	-76.2131474
21662,	38.6976683,	-76.2131474
21663,	38.7826554,	-76.23632479999999
21664,	38.6095681,	-75.9470498
21665,	38.7392452,	-76.34636239999999
21666,	38.9373391,	-76.3289941
21667,	39.34001629999999,	-76.06819899999999
21668,	39.1878038,	-75.8650148
21669,	38.4672989,	-76.3116235
21670,	39.14,	-75.77
21671,	38.6967382,	-76.3347838
21672,	38.2655737,	-76.0507949
21673,	38.6280893,	-76.0623979
21675,	38.2859875,	-76.0914011
21676,	38.7700787,	-76.34636239999999
21677,	38.4861344,	-76.16678069999999
21678,	39.32967910000001,	-76.1088001
21679,	38.9095375,	-76.097201
21680,	53.5852809,	9.4637422
21682,	53.60769939999999,	9.456590799999999
21690,	39.21,	-76.0699999
21703,	39.3729916,	-77.4587239
218 34,	55.5401316,	12.9136401
218 45,	55.5534678,	12.9602404
218 46,	55.54189479999999,	12.962962
218 47,	55.5444715,	12.9389452
218 55,	55.51961300000001,	12.960398
21824,	37.9873693,	-76.0217831
21825,	-22.9078077,	-43.4692953
21826,	38.319091,	-75.6237184
21829,	38.0993177,	-75.3761952
21830,	38.39396230000001,	-75.7487779
21831,	-22.8997009,	-43.4861447
21832,	-22.9234115,	-43.4933641
21833,	-22.8821564,	-43.4957704
21835,	38.536064,	-75.9405178
21836,	38.1215257,	-75.74005629999999
21837,	38.4597961,	-75.7592457
21838,	38.0097262,	-75.737149
21840,	38.2693462,	-75.911483
21841,	38.2469887,	-75.3178952
21842,	38.3358442,	-75.0853092
21843,	38.3366553,	-75.086979
21844,	-22.8664339,	-43.4825346
21849,	38.3472925,	-75.45777749999999
21850,	38.3708595,	-75.3995089
21851,	38.0695412,	-75.55096019999999
21852,	38.3289588,	-75.3753316
21853,	38.2169122,	-75.737149
21854,	-22.8490007,	-43.4813312
21856,	38.3377703,	-75.795284
21857,	38.04,	-75.66
21860,	37.4067726,	-6.503643299999999
21861,	38.5345874,	-75.74005629999999
21862,	38.3974661,	-75.2143584
21863,	38.1761612,	-75.41116439999999
21864,	38.0401357,	-75.3995089
21865,	38.2814943,	-75.841775
21866,	37.96519079999999,	-76.0101767
21867,	38.1045717,	-75.7924481
21970,	32.7149292,	-114.7324924
22009,	38.79,	-77.27
22010,	46.08631219999999,	9.2207399
22015,	38.7843884,	-77.2807423
22017,	46.0221379,	9.241374800000001
22022,	35.3647373,	-0.5139688
22025,	38.5947311,	-77.3381855
22026,	38.5690265,	-77.2922332
22027,	38.8934705,	-77.2203966
22030,	38.8454321,	-77.3209555
22031,	38.864187,	-77.2577571
22032,	38.8268355,	-77.2922332
22033,	38.8735614,	-77.3898602
22034,	38.86,	-77.27
22035,	38.8564312,	-77.3625903
22036,	38.86,	-77.25999999999999
22037,	38.86,	-77.22999999999999
22038,	38.85,	-77.31
22039,	38.7424519,	-77.3209555
22040,	38.88,	-77.17000000000002
22041,	38.8485316,	-77.1398878
22042,	38.8681054,	-77.20027449999999
22043,	38.8989474,	-77.20027449999999
22044,	38.8607388,	-77.1571443
22045,	53.5853131,	10.1260105
22046,	38.8861125,	-77.1772737
22047,	53.58895099999999,	10.0986376
22049,	53.5850295,	10.0661471
22120,	48.4581408,	-2.6567063
22151,	38.7996136,	-77.20889869999999
22158,	38.79,	-77.19
22159,	38.8001128,	-77.18249019999999
22160,	38.8045373,	-77.1894934
22161,	38.8081169,	-77.21776559999999
22172,	38.5642136,	-77.3898602
22180,	38.8950354,	-77.2577571
22181,	38.9091199,	-77.2922332
22182,	38.9457197,	-77.2979782
22183,	38.9,	-77.27
22185,	38.8770564,	-77.3057127
22191,	38.6317233,	-77.25201009999999
22192,	38.6805859,	-77.3209555
22193,	38.6418278,	-77.3439283
22194,	38.63,	-77.27
22195,	38.63,	-77.27
22199,	38.7,	-77.22999999999999
22200,	48.5751819,	-3.1749734
22201,	38.8845126,	-77.0938583
22202,	38.8501078,	-77.03917539999999
22203,	38.8716687,	-77.11687529999999
22206,	38.8382463,	-77.0938583
22211,	38.882578,	-77.07659269999999
22217,	38.8807023,	-77.1086041
22313,	38.8,	-77.05
22320,	38.8063806,	-77.0467499
22334,	38.8,	-77.05
22335,	53.6283203,	10.0058214
22336,	49.3718113,	28.2726749
22350,	38.8639973,	-77.0544527
22355,	21.469957,	39.2972708
22359,	53.6476751,	10.1645331
22370,	48.5810195,	-2.5338338
22374,	21.4742524,	39.3219212
22382,	21.4242629,	39.3543413
22414,	32.5262896,	-116.9867139
22461,	1.8676314,	98.9024603
225 93,	55.733266,	13.1258562
225 94,	55.7589409,	13.2793371
22501,	38.02,	-77.52
22503,	37.7294024,	-76.5257007
22504,	37.7806872,	-76.6990172
22506,	32.5087345,	-117.1191218
22507,	37.7784848,	-76.5130539
22508,	38.3298954,	-77.8138553
22509,	38.08613,	-77.0506896
22511,	37.9885686,	-76.514138
22512,	41.8993579,	0.3183792
22513,	37.7299999,	-76.47999999999999
22515,	49.3089259,	28.7177793
22516,	21.3134252,	39.1179408
22517,	37.7328404,	-76.5412949
22518,	21.3271424,	39.1673722
22520,	38.112732,	-76.7798172
22521,	49.3352416,	28.9813922
22522,	21.3945969,	39.2154659
22523,	37.7922563,	-76.6271142
22524,	38.0921683,	-76.7196409
22525,	53.58141699999999,	9.913065
22526,	38.27,	-77.06
22527,	53.5990653,	9.930842
22528,	37.793447,	-76.5499703
22529,	38.0275487,	-76.628812
22530,	37.895359,	-76.2547914
22531,	1.7103836,	98.8045819
22532,	1.7079543,	98.8100929
22533,	21.349332,	39.2320302
22534,	38.0749603,	-77.665066
22535,	38.1410304,	-77.2175223
22536,	32.5261422,	-117.0779372
22537,	32.5353947,	-117.0860277
22538,	38.1785343,	-77.27499639999999
22539,	37.8573429,	-76.2826675
22540,	48.5713658,	-3.3107328
22541,	21.3604092,	39.2894844
22542,	38.28633629999999,	-77.8938895
22543,	49.2973479,	29.1996622
22546,	37.93447159999999,	-77.4242972
22547,	38.26,	-77.33
22548,	37.8355969,	-76.6922325
22549,	53.5862877,	9.854548399999999
22550,	48.5545664,	-2.3641897
22551,	38.1906846,	-77.67651839999999
22552,	37.9903677,	-77.21618699999999
22553,	38.2597983,	-77.6421577
22554,	38.44666309999999,	-77.355413
22555,	38.42,	-77.41
22556,	38.5030314,	-77.4931403
22558,	38.1472674,	-76.8462681
22559,	53.5830905,	9.753759800000001
22560,	37.9020528,	-76.9412601
22562,	21.2995793,	39.419131
22563,	1.9075981,	98.63805980000001
22564,	2.0246488,	98.46229869999999
22565,	38.1332539,	-77.5193118
22566,	21.2921902,	39.481266
22567,	38.2147443,	-77.9053182
22568,	21.2835342,	39.5123101
22569,	41.9683956,	0.4408037
22570,	37.95,	-76.6
22571,	41.9083911,	0.554149
22572,	37.9644957,	-76.7567368
22576,	37.6886606,	-76.4447397
22577,	38.0644063,	-76.5586831
22579,	37.8144835,	-76.3784989
22580,	38.1195315,	-77.4013403
22584,	42.2239757,	0.7437760999999999
22587,	53.5610383,	9.796471499999999
22588,	42.0974131,	0.3560076
22589,	53.5764593,	9.8230107
22591,	41.5012657,	0.05599390000000001
22592,	41.4612541,	-0.05599390000000001
226 48,	55.73316759999999,	13.1917424
22602,	39.1616759,	-78.2703951
22603,	39.2800675,	-78.2248291
22604,	39.19,	-78.15
22605,	53.5508168,	9.886819000000001
22606,	32.4811169,	-117.0789722
22607,	53.570291,	9.8826238
22609,	53.55445959999999,	9.8429836
22610,	38.8370241,	-78.3159411
22611,	39.15165830000001,	-77.973865
22612,	49.3408825,	29.3425286
22613,	21.2504828,	39.1569688
22614,	21.2948817,	39.1491651
22615,	32.5106428,	-117.0543995
22616,	1.7229927,	98.93557369999999
22617,	1.6460402,	98.95765709999999
22618,	1.7240219,	98.7150831
22620,	39.0857526,	-78.0309542
22621,	21.2936845,	39.1985723
22622,	39.2534616,	-78.0628864
22623,	38.8522685,	-78.1364889
22624,	39.2774274,	-78.09942099999999
22625,	39.3712334,	-78.3159411
22626,	38.98516310000001,	-78.39917430000001
22627,	38.7610033,	-78.07660360000001
22630,	38.9467949,	-78.1792434
22631,	49.2599278,	29.3347084
22632,	49.19104069999999,	29.4081785
22633,	49.206823,	29.4086404
22634,	21.2886842,	39.3154352
22635,	32.487371,	-117.019088
22636,	42.5799532,	-0.3089777
22637,	39.252955,	-78.36146719999999
22638,	42.62391239999999,	-0.3513021
22639,	38.8158244,	-78.0081221
22640,	38.8069757,	-78.1222336
22641,	39.0754979,	-78.3997959
22642,	38.9465403,	-78.07660360000001
22643,	38.9212304,	-78.0309542
22644,	38.9720412,	-78.5320107
22645,	39.0292727,	-78.2817834
22646,	39.0695922,	-78.0391582
22647,	32.4691242,	-117.0073161
22649,	39.0035256,	-78.2561578
22650,	38.7590299,	-78.36146719999999
22651,	2.0933245,	98.3197946
22652,	38.8370048,	-78.41834659999999
22653,	49.1133427,	29.6115406
22654,	39.0681665,	-78.4638274
22655,	39.0634401,	-78.2134346
22656,	39.220492,	-78.09371709999999
22657,	39.0064668,	-78.36146719999999
22660,	38.9629856,	-78.44108949999999
22661,	42.7269014,	-0.2432307
22662,	42.6925666,	-0.2948797
22663,	39.0540916,	-78.1222336
22664,	38.8965185,	-78.49792479999999
22665,	42.69249079999999,	-0.3230807
22666,	42.5553546,	-0.3418927
22670,	41.1429471,	26.3780739
22675,	32.4469846,	-116.9896572
22680,	48.6291328,	-2.8359229
22700,	48.7792045,	-3.4152762
22701,	38.4319863,	-77.99670429999999
22704,	32.3820283,	-117.0779372
22705,	32.403782,	-117.0632265
22706,	32.3855257,	-117.0514571
22708,	49.0722055,	29.1896159
22709,	38.3353898,	-78.219132
22711,	38.4686351,	-78.2789365
22712,	38.582935,	-77.7566523
22713,	38.54054,	-78.1450412
22715,	38.4184475,	-78.1678439
22718,	38.4659434,	-77.8252923
22720,	38.4834159,	-77.64788519999999
22723,	38.3421964,	-78.3899108
22724,	38.6295884,	-77.9053182
22725,	38.4438065,	-78.16214370000002
22726,	38.4037402,	-77.8252923
22727,	38.3815386,	-78.3159411
22728,	38.5269378,	-77.6192447
22729,	38.360524,	-78.0081221
22730,	38.3607613,	-78.16214370000002
22731,	38.35,	-78.27
22732,	38.2926508,	-78.20773679999999
22733,	38.358369,	-78.0880129
22734,	38.523269,	-77.77953699999999
22735,	38.48068809999999,	-78.1678439
22736,	38.39409029999999,	-77.7337628
22737,	38.5977306,	-77.99670429999999
22738,	38.3053447,	-78.2817834
22739,	38.52,	-77.61000000000001
22740,	38.6257729,	-78.2703951
22741,	38.4350585,	-77.87674419999999
22742,	38.4538622,	-77.7108686
22743,	38.5106516,	-78.36146719999999
22744,	48.9535095,	29.2849072
22745,	21.2215504,	39.4502062
22746,	38.65,	-78.03
22747,	38.7134739,	-78.1593766
22748,	38.36,	-78.35
22749,	38.6256894,	-78.1678439
22750,	48.5855203,	-2.1915724
22751,	42.5627098,	-0.8246386
22752,	48.9667995,	29.4694408
22753,	42.5727781,	-0.7865654999999999
22754,	48.95516749999999,	29.5748274
22755,	1.3651627,	99.8348146
22756,	48.933156,	29.6334472
22758,	1.8452181,	99.5006143
22760,	31.89896359999999,	-116.6995478
22761,	53.56785259999999,	9.911872599999999
22762,	21.1186209,	39.284293
22763,	53.5566366,	9.915305499999999
22764,	21.1199774,	39.3154352
22765,	53.55541419999999,	9.929928
22767,	53.5488885,	9.942607299999999
22769,	53.5662722,	9.947101199999999
22770,	42.5967635,	-0.8579818
22771,	21.1510836,	39.346562
22772,	1.5475799,	99.2799443
22773,	1.2150243,	99.34511180000001
22774,	21.1636482,	39.4087692
22775,	-22.9563884,	-43.37531540000001
22776,	-22.9896594,	-43.3518534
22781,	21.090321,	39.242746
22782,	21.0676165,	39.2531353
22783,	21.0452639,	39.2713125
22784,	21.088846,	39.284293
22786,	21.0873581,	39.3258125
22792,	42.5392151,	-0.6678177
22793,	31.7369153,	-116.5801536
22795,	-23.0235775,	-43.4717027
22800,	48.4214588,	-2.9329193
22802,	38.47664520000001,	-78.8609122
22806,	42.2434522,	-0.7818088999999999
22808,	42.3319419,	-0.810357
22809,	42.2442784,	-0.6488505
22810,	38.8130253,	-78.8042828
22811,	38.7890431,	-78.9853813
22812,	38.3648287,	-78.9966888
22813,	49.04673529999999,	28.826
22814,	49.0559798,	28.7718225
22815,	38.6840334,	-78.8609122
22816,	1.3453232,	97.38407289999999
22817,	1.2834877,	97.28147179999999
22819,	21.4834029,	39.4709144
22820,	38.7126982,	-79.0532061
22821,	38.502349,	-79.1322744
22822,	21.4238447,	39.4269013
22825,	21.3903709,	39.4579726
22827,	38.3901209,	-78.6114999
22830,	38.674137,	-78.97407249999999
22832,	38.4564355,	-78.7589558
22833,	38.5442389,	-78.764179
22834,	38.5503911,	-78.8722341
22835,	38.6854484,	-78.4524591
22836,	21.3664134,	39.4372601
22837,	21.3702353,	39.4502062
22840,	38.350295,	-78.7362845
22841,	38.3447431,	-78.8948741
22842,	38.7949971,	-78.72494689999999
22843,	38.3359358,	-79.1322744
22844,	38.6550085,	-78.6682395
22846,	38.3812285,	-78.7872876
22847,	38.7008355,	-78.713608
22848,	38.38447310000001,	-78.8904527
22849,	38.5376951,	-78.6341996
22850,	38.5604496,	-78.9231667
22852,	1.4120939,	97.4597725
22853,	38.6431288,	-78.7589558
22858,	21.3263586,	39.5097237
22860,	31.8726367,	-116.6523873
22864,	48.927823,	29.2535245
22865,	0.6522317,	97.8068851
22867,	48.9020848,	29.1528462
22868,	21.4374376,	39.5640159
22871,	21.3640074,	39.5433388
22872,	21.3937213,	39.5433388
22873,	21.4135314,	39.5433388
22875,	31.8108527,	-116.5819966
22877,	21.369321,	39.5950186
22878,	21.38912,	39.5950186
22881,	-0.0938478,	98.4242465
22882,	21.3342952,	39.5433388
22883,	48.7744358,	29.0187532
22885,	53.5777683,	10.2140467
22886,	21.3186072,	39.5640159
22887,	31.8511354,	-116.6085339
22888,	42.7210915,	-0.5210564999999999
22889,	53.736687,	10.0839485
22890,	31.8357003,	-116.6052169
22891,	49.0275195,	28.8460703
22895,	31.8102728,	-116.594897
22897,	31.8287647,	-116.6066911
22898,	31.8472668,	-116.5831024
22901,	38.0824703,	-78.5547283
22902,	37.971281,	-78.4865602
22903,	38.0335948,	-78.5887951
22904,	38.0340003,	-78.5102996
22905,	38.05,	-78.5
22906,	38.0671533,	-78.4867761
22907,	38.06,	-78.49
22908,	38.031942,	-78.49858499999999
22909,	38.02355980000001,	-78.44926339999999
22910,	38.03,	-78.47999999999999
22911,	38.0574127,	-78.4069732
22912,	0.7986643999999999,	99.745565
22913,	0.8446562,	99.65501689999999
22914,	0.8434434,	99.67033359999999
22915,	0.8340913,	99.6536246
22916,	0.8482391,	99.63135120000001
22917,	0.8541302,	99.62439189999999
22918,	0.8693084999999999,	99.66197869999999
22919,	0.8564092,	99.65223239999999
22922,	37.6869927,	-78.9061921
22923,	38.1850267,	-78.3273245
22926,	53.6744402,	10.2353838
22927,	53.6626139,	10.2835082
22929,	53.5991085,	10.4467473
22930,	48.7140681,	-3.0483852
22931,	37.8888399,	-78.713608
22932,	38.1677192,	-78.6795836
22935,	38.2492969,	-78.5547283
22936,	38.1499065,	-78.49792479999999
22937,	37.7961989,	-78.62285039999999
22957,	38.2313847,	-78.1934911
22960,	38.2289357,	-78.04236829999999
22963,	37.8765114,	-78.2703951
22967,	37.7795599,	-78.9966888
22968,	38.2543444,	-78.39559860000001
22971,	37.7507893,	-78.8042828
22972,	38.2325398,	-78.230526
22973,	38.3120359,	-78.4524591
22975,	38.2290929,	-78.274591
22977,	0.8368707999999999,	99.47838159999999
22978,	0.9023294,	99.6230001
22983,	0.7058278,	99.32292129999999
22988,	0.4816678,	99.23421959999999
23003,	37.44,	-76.58
23004,	37.6899185,	-78.39559860000001
23009,	37.8024595,	-77.17152279999999
23014,	37.76,	-78.03
23017,	-22.935723,	-43.5270408
23023,	37.7676806,	-76.9527836
23025,	37.4130634,	-76.36951669999999
23040,	37.4987876,	-78.2703951
23052,	-22.9053119,	-43.55348499999999
23055,	37.7788311,	-78.2362225
23056,	37.369767,	-76.3579401
23058,	37.67,	-77.50999999999999
23059,	37.7100771,	-77.57340479999999
23060,	37.663282,	-77.5275463
23061,	37.4128281,	-76.5025742
23062,	37.2494387,	-76.49679189999999
23063,	37.7229951,	-77.99670429999999
23064,	37.5007777,	-76.291355
23065,	37.7950671,	-77.9338846
23066,	37.4934956,	-76.2739795
23067,	37.8287936,	-77.9977723
23068,	37.5032688,	-76.3347838
23069,	37.7757835,	-77.3094674
23070,	37.5519137,	-76.3926668
23071,	37.5422959,	-76.4447397
23072,	37.2906807,	-76.4447397
23075,	37.551274,	-77.3152116
23076,	37.4782454,	-76.3000419
23078,	-22.8748334,	-43.5871208
23079,	37.7545134,	-76.6528225
23080,	-22.9012562,	-43.5618961
23081,	37.21,	-76.77
23082,	-22.8869155,	-43.56910449999999
23089,	37.4786031,	-76.8951551
23090,	37.3400953,	-76.7520481
23092,	37.5967708,	-76.5083562
23094,	24.1417011,	-110.3472651
23097,	24.1254857,	-110.3413074
23106,	37.7121709,	-77.2060241
23110,	37.579524,	-76.76827750000001
23113,	37.5334766,	-77.6879696
23117,	37.9598456,	-77.85959629999999
23119,	37.4559371,	-76.28845919999999
23147,	37.3844805,	-77.03917539999999
23155,	37.29,	-76.42
23183,	37.3535225,	-76.5245436
23186,	37.2724117,	-76.7141712
23214,	21.5147658,	39.1764738
23218,	37.56,	-77.45
23219,	37.5410261,	-77.43864289999999
23220,	37.5464259,	-77.46446069999999
23221,	37.5488885,	-77.4874049
23222,	37.5834425,	-77.4185584
23223,	37.5621276,	-77.3668965
23224,	37.5044419,	-77.46446069999999
23225,	37.5374438,	-77.5275463
23226,	37.5735567,	-77.5218127
23227,	37.6115093,	-77.4357739
23228,	37.6164453,	-77.4816693
23229,	37.5843082,	-77.57340479999999
23230,	37.5803608,	-77.4874049
23231,	37.440438,	-77.3094674
23232,	37.5606725,	-77.44579619999999
23233,	37.6474638,	-77.6249734
23234,	37.4664427,	-77.46283249999999
23235,	37.5213394,	-77.57340479999999
23236,	37.4759039,	-77.590597
23237,	37.4040147,	-77.4587239
23238,	37.59161,	-77.6421577
23241,	37.5437178,	-77.4408517
23242,	37.62,	-77.61000000000001
23249,	37.4978447,	-77.46719019999999
23250,	37.510557,	-77.3266991
23255,	37.61,	-77.5699999
23256,	49.1082414,	28.7768579
23260,	37.56,	-77.45
23261,	37.56,	-77.45
23270,	46.2864133,	2.0602808
23294,	37.6284406,	-77.5447454
23313,	37.20484829999999,	-75.9587129
23320,	36.7578013,	-76.2131474
23321,	36.8032821,	-76.4215988
23322,	36.6215976,	-76.2247366
23323,	36.6670596,	-76.4331698
23324,	36.8022774,	-76.2768755
23325,	36.8179707,	-76.2305308
23326,	36.7786198,	-76.2384975
23327,	36.77,	-76.25
23328,	36.7299999,	-76.22999999999999
23329,	46.010332,	20.3059252
23331,	21.5324823,	39.1842742
23332,	21.5400967,	39.188174
23333,	21.5465159,	39.1829742
23335,	21.5355967,	39.1998719
23336,	37.9513031,	-75.35287790000001
23337,	37.9304296,	-75.4752537
23338,	21.5521139,	39.1985723
23339,	38.2132302,	-2.9700567
23341,	37.5807427,	-75.87001339999999
23342,	21.554187,	39.2089689
23343,	21.5434212,	39.2297569
23344,	21.5512889,	39.2193638
23345,	37.55,	-75.88
23346,	48.8176425,	28.5181221
23347,	37.3496388,	-75.9360772
23350,	37.5269726,	-75.8766333
23351,	48.9071784,	28.5868129
23353,	5.533564,	95.2214477
23354,	37.4729924,	-75.9056753
23355,	48.8602654,	28.5831537
23356,	37.9986822,	-75.3995089
23357,	37.7575905,	-75.6731734
23358,	37.6463521,	-75.8708242
23359,	37.9004432,	-75.6091696
23361,	3.2264504,	97.3786689
23362,	21.5652996,	39.2803991
23363,	5.3189214,	95.29979589999999
23364,	21.5571522,	39.3008846
23365,	21.5651846,	39.2985684
23366,	21.5742384,	39.2972708
23369,	38.3988973,	-2.807864
23370,	38.3170298,	-2.7083287
23385,	21.5834044,	39.4061785
23388,	21.589544,	39.4372601
23393,	38.4857832,	-2.688447
23398,	37.5160741,	-75.9280914
23399,	37.92,	-75.63000000000001
23400,	23.0708573,	-109.7077165
23401,	37.6196084,	-75.7640394
23404,	37.663627,	-75.6768091
23405,	37.4189537,	-75.9347113
23406,	22.901819,	-109.9236351
23407,	37.8452959,	-75.5672429
23408,	37.4645199,	-75.8359645
23409,	37.87663879999999,	-75.626628
23410,	37.6352154,	-75.737149
23411,	21.553935,	39.1205434
23412,	37.81,	-75.5699999
23413,	37.4714481,	-75.86065769999999
23414,	37.818276,	-75.5889347
23415,	37.9747783,	-75.5393155
23416,	37.9317139,	-75.5684254
23417,	37.7243261,	-75.78365889999999
23418,	37.6519661,	-75.66153840000001
23419,	37.29,	-75.92
23420,	37.569287,	-75.795284
23421,	37.7548639,	-75.6091696
23422,	37.6304491,	-75.8146269
23423,	37.50421010000001,	-75.6906241
23424,	36.9942211,	-76.5598552
23425,	21.5858627,	39.1309528
23426,	37.9343514,	-75.6731734
23427,	37.9177203,	-75.7487779
23429,	37.26,	-75.95
23433,	36.90967270000001,	-76.4736602
23434,	36.6644676,	-76.5950555
23435,	36.84168,	-76.4794435
23438,	36.5808477,	-76.6990172
23444,	21.5659506,	39.1931984
23446,	21.5927125,	39.177774
23447,	21.5784189,	39.1933733
23448,	21.5874814,	39.1920735
23452,	36.849734,	-76.097201
23453,	36.7836161,	-76.07399989999999
23454,	36.8653194,	-76.0507949
23455,	36.8974486,	-76.1435915
23456,	36.7358202,	-76.02758589999999
23457,	36.5996686,	-76.0391909
23458,	36.85,	-75.97999999999999
23459,	36.9262849,	-76.0203323
23460,	36.826302,	-76.0333885
23461,	36.7892826,	-75.9666439
23462,	36.8400852,	-76.1493891
23463,	36.80318219999999,	-76.1869009
23464,	36.7973473,	-76.18996609999999
23465,	36.80318219999999,	-76.1869009
23466,	36.85,	-75.97999999999999
23467,	36.8,	-76.17
23468,	22.8965058,	-109.920658
23469,	37.96825949999999,	-3.1478514
23470,	37.8798318,	-2.8776638
23471,	36.9,	-76.14
23472,	21.6151225,	39.284293
23473,	22.906986,	-109.9660613
23474,	22.9024525,	-109.9269845
23475,	21.6005746,	39.3361881
23476,	21.6233452,	39.3258125
23477,	22.906424,	-109.9272636
23478,	38.01868650000001,	-2.8277963
23479,	36.85,	-75.97999999999999
23480,	37.5993134,	-75.6891699
23481,	21.6087811,	39.3776733
23482,	37.53,	-75.88
23483,	37.93,	-75.5
23484,	21.63564,	39.3880403
23485,	21.6152154,	39.4165407
23486,	37.5147504,	-75.8058185
23487,	36.8681153,	-76.7105632
23488,	37.9568272,	-75.6033497
23489,	37.7645803,	-3.0325855
23490,	38.0664652,	-3.596457
235 99,	55.47830310000001,	13.1337855
23503,	36.9487193,	-76.2652909
23506,	36.85,	-76.28999999999999
23508,	36.89084,	-76.3116235
23510,	36.8488728,	-76.291355
23514,	36.8466981,	-76.2900032
23521,	36.92,	-76.16
23526,	21.6213081,	39.1465637
23530,	48.7730858,	28.2155078
23555,	21.6454802,	39.2557324
23568,	53.903083,	10.7533775
23569,	53.9129131,	10.8268839
23575,	21.6694958,	39.4087692
23598,	-22.8663607,	-43.4897546
236 34,	55.4095139,	12.9754953
236 35,	55.399775,	12.9874846
236 36,	55.4050244,	12.9648872
236 37,	55.4082089,	12.9549134
23605,	37.0098187,	-76.4273844
23613,	21.6528172,	39.1049261
23614,	4.1572395,	96.0983734
23615,	21.6256602,	39.1309528
23620,	37.9697471,	-3.8146526
23623,	54.0034766,	10.5536419
23627,	53.80146879999999,	10.7503478
23628,	36.9799999,	-76.42999999999999
23629,	53.9881843,	10.6635399
23630,	37.0085648,	-76.4144568
23631,	21.6601079,	39.1745463
23632,	48.71002439999999,	28.9742454
23633,	48.7213197,	29.0326888
23638,	37.9056193,	-3.667394199999999
23639,	37.85620309999999,	-3.7232005
23640,	37.807215,	-3.9266502
23641,	25.0419375,	-111.6466956
23642,	21.6553617,	39.2115678
23643,	48.6282607,	28.8238591
23644,	21.6463307,	39.2349529
23645,	21.6676663,	39.2297569
23646,	21.6825773,	39.2297569
23647,	21.6592078,	39.2466422
23648,	21.7026086,	39.2336539
23649,	37.8464976,	-3.8604402
23650,	37.8030804,	-4.0491077
23651,	37.0084845,	-76.30293739999999
23652,	4.2710816,	96.0467429
23653,	21.6747316,	39.284293
23654,	4.414363499999999,	96.02557379999999
23655,	4.7457854,	95.68787359999999
23656,	21.7115543,	39.2946754
23657,	37.8724855,	-4.0337846
23658,	37.73877,	-3.9113634
23659,	37.8417455,	-4.003152099999999
23660,	37.5893041,	-4.0899911
23661,	37.0044373,	-76.3810922
23662,	37.1327153,	-76.3521514
23663,	37.0279431,	-76.3116235
23664,	37.0778909,	-76.28845919999999
23665,	37.0860239,	-76.3579401
23666,	37.0538822,	-76.39845369999999
23667,	37.0233504,	-76.33112009999999
23668,	37.0227164,	-76.3373167
23669,	37.0517234,	-76.3347838
23670,	37.0176863,	-76.4037336
23671,	4.1665877,	96.365157
23672,	4.328309,	96.5356449
23676,	25.0284847,	-111.6332808
23680,	37.4567816,	-3.9164585
23700,	38.1125918,	-3.642048
23704,	36.8274757,	-76.3116235
23708,	36.84982189999999,	-76.305109
23711,	38.2136043,	-3.7841503
23715,	54.0965585,	10.4972646
23722,	48.89926310000001,	29.38092249999999
23731,	48.87372329999999,	29.5606446
23736,	21.7433562,	39.1725733
23737,	21.7594372,	39.1595698
23741,	21.7021601,	39.2219622
23742,	21.7217459,	39.2141665
23743,	54.1864923,	10.9688254
23746,	54.1930472,	11.0621201
23755,	48.7224585,	29.5753758
23767,	3.8500236,	96.6103778
23773,	3.0310352,	97.56805949999999
23780,	37.9558301,	-4.2230836
23781,	21.7963123,	39.1699728
23782,	21.8132853,	39.1803741
23786,	21.8482381,	39.2289602
23787,	21.8325705,	39.2531353
23788,	21.8653267,	39.242746
23790,	37.8397476,	-4.2128337
23791,	21.8366476,	39.2739088
23792,	21.8793397,	39.26352290000001
23793,	21.8506562,	39.2946754
23794,	21.8834052,	39.284293
23795,	53.92727480000001,	10.2932676
23796,	21.9043966,	39.3154352
23797,	21.8657737,	39.346562
23800,	46.2924216,	1.6931803
23801,	37.2384196,	-77.3381855
23802,	45.8014108,	9.4764222
23803,	37.16547,	-77.4931403
23804,	37.2299999,	-77.39999999999999
23805,	37.1134236,	-77.4013403
23806,	37.2371625,	-77.4220345
23807,	45.7010137,	9.4193862
23808,	45.8129415,	9.4240921
23810,	48.7678491,	29.6970506
23812,	53.9493924,	10.1636762
23813,	54.0217876,	10.3448165
23818,	53.9029381,	10.383701
23884,	36.9690123,	-77.268532
23887,	36.5728019,	-77.80241699999999
23895,	45.7497861,	9.2618098
23907,	-23.0158946,	-44.2994038
23926,	22.0889146,	39.1907737
23939,	37.3123142,	-78.7709896
23957,	22.2774689,	39.17517369999999
23958,	37.2437927,	-78.6795836
23959,	37.0875224,	-78.8156113
23960,	37.3150596,	-78.54337009999999
23961,	22.3696198,	39.1010211
23962,	36.9589803,	-78.6909263
23963,	37.1875585,	-78.8099472
23964,	36.7729379,	-78.6341996
23965,	22.4110851,	39.0997194
23966,	37.2880647,	-78.2703951
23967,	36.9099708,	-78.62285039999999
23968,	36.728922,	-78.509288
23969,	22.4325019,	39.0945124
23970,	36.7707014,	-78.1792434
23971,	22.3374038,	39.1309528
23972,	53.8419403,	11.4594213
23973,	22.3858323,	39.1400596
23974,	36.9874577,	-78.2248291
23975,	22.3934332,	39.1699728
23976,	36.84772,	-78.5831181
23977,	22.4203105,	39.1803741
23978,	22.4509316,	39.1517665
23979,	22.4432097,	39.1699728
23981,	22.4474462,	39.0945124
23983,	22.4452089,	39.1283506
23984,	22.4641344,	39.097116
23985,	22.4663754,	39.115338
23986,	22.4653753,	39.13615679999999
23987,	22.4922801,	39.0945124
23988,	22.4783258,	39.1257483
23989,	22.5107102,	39.0997194
23991,	22.4723425,	39.1465637
23993,	22.4862699,	39.1673722
23994,	22.5059404,	39.1595698
23995,	22.4920144,	39.1387587
23996,	53.7905794,	11.4282001
23997,	22.5251305,	39.13615679999999
23998,	22.5538025,	39.097116
23999,	53.99860830000001,	11.4394867
24001,	37.27,	-79.94
24002,	37.27,	-79.94
24003,	37.27,	-79.94
24004,	37.27,	-79.94
24005,	37.27,	-79.94
24006,	37.27,	-79.94
24017,	37.2893078,	-79.99759159999999
24036,	37.27,	-79.94
24047,	45.5293372,	9.591435899999999
24070,	37.3716141,	-80.2209773
24088,	36.902967,	-80.0758425
24091,	36.9446308,	-80.32131059999999
24116,	54.32487,	10.1135158
24124,	37.304257,	-80.8322428
24129,	37.1389172,	-80.58989129999999
24130,	37.6144858,	-80.0003875
24131,	37.563723,	-80.2432839
24132,	37.2068307,	-80.6139585
24133,	36.6836606,	-80.1316927
24134,	37.2159063,	-80.7879407
24136,	37.3291982,	-80.610489
24137,	36.9109694,	-79.67266320000002
24138,	37.03949,	-80.3101684
24139,	37.0302462,	-79.4591378
24141,	37.1018642,	-80.5549561
24142,	37.1392525,	-80.5484604
24143,	37.14,	-80.56
24146,	37.01845369999999,	-79.81852239999999
24147,	37.4053743,	-80.83777889999999
24148,	36.581383,	-79.80726109999999
24149,	37.021165,	-80.47714719999999
24150,	37.4042308,	-80.621591
24151,	36.9690834,	-79.8520818
24153,	37.2934017,	-80.054766
24155,	37.29,	-80.06
24157,	37.29,	-80.06
24158,	18.6530655,	-91.7703131
24159,	54.3964996,	10.1550845
24160,	45.32245930000001,	1.0804727
24210,	36.8135935,	-81.9971108
24216,	36.9291749,	-82.79941939999999
24238,	54.2898361,	10.4309105
24271,	36.7336362,	-82.4102628
24281,	36.6591508,	-83.3148018
24293,	36.9986618,	-82.5402275
24311,	36.8791039,	-81.40591859999999
24312,	36.8262635,	-80.8433145
24313,	36.9032845,	-80.80455680000001
24314,	37.1645666,	-81.22985299999999
24315,	37.1709137,	-81.0312989
24316,	36.956251,	-81.6637765
24317,	36.6084486,	-80.6548882
24318,	37.0039388,	-81.36194019999999
24319,	36.7237331,	-81.6254283
24321,	54.3005255,	10.5616366
24322,	36.802094,	-81.08650349999999
24323,	36.8744226,	-81.19679579999999
24324,	36.9606206,	-80.7879407
24325,	36.82849,	-80.5993854
24326,	36.7248089,	-81.19679579999999
24327,	36.774994,	-81.8326084
24328,	36.66456600000001,	-80.68817179999999
24330,	36.7132432,	-81.04234290000001
24332,	21.3923704,	39.6801958
24333,	36.6290935,	-80.92077370000001
24339,	21.363521,	39.6156785
24340,	36.7757445,	-81.7568253
24343,	36.7830032,	-80.6992633
24344,	-22.9324205,	-43.0073426
24347,	36.992783,	-80.6548882
24348,	36.6490711,	-81.18577359999999
24350,	36.8069363,	-81.0092062
24351,	36.5841489,	-80.75469799999999
24352,	36.7163965,	-80.5327324
24354,	36.8458577,	-81.5377013
24412,	38.0580775,	-79.8436796
24413,	38.5060409,	-79.6277523
24465,	38.3811459,	-79.6277523
24479,	38.1398818,	-79.2676668
24480,	44.8284043,	0.8865833999999999
24484,	38.1464733,	-79.80726109999999
24485,	38.3526518,	-79.3127543
24486,	38.2844303,	-78.9175088
24487,	38.2815993,	-79.4478858
24493,	-22.7840699,	-43.02191879999999
24498,	42.9158915,	-6.3598367
24501,	37.35949129999999,	-79.1209829
24502,	37.3579781,	-79.1760161
24503,	37.4564163,	-79.2563916
24504,	37.351078,	-79.0306032
24505,	37.4099999,	-79.14
24506,	37.3801414,	-79.1622608
24513,	37.38,	-79.16
24514,	37.3579781,	-79.1760161
24515,	37.35108779999999,	-79.177041
24517,	37.15833480000001,	-79.233837
24520,	36.5674599,	-79.0532061
24521,	37.6892898,	-79.1548533
24522,	37.402489,	-78.792953
24554,	37.1511986,	-79.0419053
24555,	37.6665155,	-79.4816378
24557,	36.96395890000001,	-79.3127543
24565,	36.828161,	-79.2225576
24588,	37.2728551,	-79.098396
24591,	21.2147281,	40.1247931
24625,	54.118989,	10.0483357
24639,	37.1804209,	-81.89890799999999
24646,	37.11972799999999,	-82.02436569999999
24647,	37.1599999,	-81.86999999999999
24668,	21.694844,	40.0479295
24669,	21.7175259,	40.0376735
24670,	42.9051565,	-5.6430944
24671,	21.6563929,	40.0786867
24672,	21.6859609,	40.0786867
24673,	3.0291759,	97.8286368
24674,	21.6719068,	40.1017443
24675,	21.677317,	40.1171111
24676,	21.6967819,	40.1094282
24677,	21.7194552,	40.0991828
24678,	3.3820045,	97.92115550000001
24679,	21.720407,	40.1299138
24681,	21.6021988,	40.1299138
24682,	21.6248557,	40.1196719
24683,	21.6475173,	40.1094282
24684,	21.6061359,	40.1503923
24685,	21.6287903,	40.1401539
24686,	21.6681881,	40.1401539
24687,	21.6297596,	40.1708638
24688,	42.9427192,	-5.761583
24689,	42.9673645,	-5.6563119
24690,	42.9825633,	-5.7405139
24691,	21.6110348,	40.2015579
24692,	21.6533708,	40.1913283
24693,	21.6188699,	40.2424588
24694,	21.6513528,	40.2322362
24695,	21.6168501,	40.2833315
24696,	21.6522905,	40.2628986
24697,	21.6532198,	40.2935452
24698,	21.621217,	40.3190719
24699,	43.0244693,	-5.677351199999999
24700,	45.0372622,	0.1122157
24701,	37.2920644,	-81.22985299999999
24703,	48.1909858,	28.8082011
24710,	48.1872942,	28.6579372
24711,	48.1604416,	28.6373959
24713,	42.6131934,	-6.0202827
24743,	20.8808117,	39.6621378
24758,	20.8727011,	39.7807076
24763,	21.1573223,	39.4942029
24771,	21.1618045,	39.5226547
24787,	54.3051694,	9.5888138
24788,	21.0207809,	39.7807076
24796,	54.32864009999999,	9.8434496
24809,	54.2658621,	9.5978036
24811,	37.4130236,	-81.78425469999999
24819,	54.1303971,	9.5554534
24827,	37.7473907,	-81.6692532
24829,	37.40950650000001,	-81.45878929999999
24841,	21.8191574,	40.3649922
24848,	37.2652659,	-81.4800746
24859,	37.61,	-81.58
24860,	37.664806,	-81.5996486
24861,	37.3687589,	-81.3681269
24862,	37.4857515,	-81.93711379999999
24863,	54.4039751,	9.3858348
24864,	54.5389235,	9.7036116
24865,	21.7177225,	40.2577893
24866,	37.2237989,	-81.5500441
24867,	37.5699687,	-81.48624749999999
24868,	37.422514,	-81.4169093
24869,	37.5680556,	-81.8252778
24870,	37.6891353,	-81.5925427
24871,	37.349265,	-81.4648424
24872,	37.42406310000001,	-81.8879884
24873,	37.3672373,	-81.8333656
24874,	37.5575507,	-81.52672820000001
24875,	54.6586127,	9.5349094
24876,	54.4574665,	9.3377889
24877,	42.7910739,	-5.2788926
24878,	37.4211894,	-81.6386982
24879,	37.3725277,	-81.7568253
24880,	37.6181924,	-81.53866289999999
24881,	37.4503901,	-81.7056659
24882,	37.6169721,	-81.7677645
24883,	42.8800161,	-4.9195154
24884,	37.26065579999999,	-81.52672820000001
24885,	54.6399713,	9.4646876
24886,	21.7749487,	40.19644340000001
24887,	37.3761297,	-81.37933660000002
24910,	37.7518544,	-80.610489
24915,	38.476361,	-79.7624177
24924,	38.181026,	-80.08701549999999
24948,	20.6924051,	39.5743519
24949,	20.6549928,	39.6208423
24959,	21.0843439,	39.4087692
24960,	54.8383175,	9.5625866
24961,	20.9948914,	39.3284066
24970,	37.6989567,	-80.47714719999999
24983,	37.5795369,	-80.5660657
24991,	38.0468117,	-80.4882672
24993,	37.65985,	-80.57504
24997,	54.6799243,	9.3202905